id,source
01-current,https://frompaulxam-gif.github.io/triple-down-preview/variants/current/
01-a,https://frompaulxam-gif.github.io/triple-down-preview/variants/a/
01-b,https://frompaulxam-gif.github.io/triple-down-preview/variants/b/
01-c,https://frompaulxam-gif.github.io/triple-down-preview/variants/c/
02-current,https://frompaulxam-gif.github.io/triple-down-preview/variants/current/#selected-work
02-a,https://frompaulxam-gif.github.io/triple-down-preview/variants/a/#selected-work
02-b,https://frompaulxam-gif.github.io/triple-down-preview/variants/b/#selected-work
02-c,https://frompaulxam-gif.github.io/triple-down-preview/variants/c/#selected-work
03-current,https://frompaulxam-gif.github.io/triple-down-preview/variants/current/#start-project
03-a,https://frompaulxam-gif.github.io/triple-down-preview/variants/a/#start-project
03-b,https://frompaulxam-gif.github.io/triple-down-preview/variants/b/#start-project
03-c,https://frompaulxam-gif.github.io/triple-down-preview/variants/c/#start-project
04-current,https://frompaulxam-gif.github.io/triple-down-preview/variants/current/#selected-work
04-d,https://frompaulxam-gif.github.io/triple-down-preview/variants/gallery-original/
05-d,https://frompaulxam-gif.github.io/triple-down-preview/variants/d/
05-e,https://frompaulxam-gif.github.io/triple-down-preview/variants/e/
06-d,https://frompaulxam-gif.github.io/triple-down-preview/variants/d/#selected-work
06-f,https://frompaulxam-gif.github.io/triple-down-preview/variants/f/#selected-work
07-d,https://frompaulxam-gif.github.io/triple-down-preview/variants/d/#start-project
07-e,https://frompaulxam-gif.github.io/triple-down-preview/variants/e/#start-project
08-d,https://frompaulxam-gif.github.io/triple-down-preview/variants/gallery-original/
08-g,https://frompaulxam-gif.github.io/triple-down-preview/our-work/
